lat,lon,sunrise,sunset,solar_noon,day_length_sec,civil_twilight_begin,civil_twilight_end,nautical_twilight_begin,nautical_twilight_end,astronomical_twilight_begin,astronomical_twilight_end,day_length_hr
31.33,-114.82,2026-05-22T05:37:42-07:00,2026-05-22T19:34:16-07:00,2026-05-22T12:35:59-07:00,50194,2026-05-22T05:12:00-07:00,2026-05-22T19:59:58-07:00,2026-05-22T04:39:16-07:00,2026-05-22T20:32:42-07:00,2026-05-22T04:04:30-07:00,2026-05-22T21:07:28-07:00,13.9428
31.33,-114.32,2026-05-22T05:35:42-07:00,2026-05-22T19:32:16-07:00,2026-05-22T12:33:59-07:00,50194,2026-05-22T05:10:00-07:00,2026-05-22T19:57:58-07:00,2026-05-22T04:37:16-07:00,2026-05-22T20:30:42-07:00,2026-05-22T04:02:30-07:00,2026-05-22T21:05:28-07:00,13.9428
31.33,-113.82,2026-05-22T05:33:42-07:00,2026-05-22T19:30:16-07:00,2026-05-22T12:31:59-07:00,50194,2026-05-22T05:08:00-07:00,2026-05-22T19:55:58-07:00,2026-05-22T04:35:16-07:00,2026-05-22T20:28:42-07:00,2026-05-22T04:00:30-07:00,2026-05-22T21:03:28-07:00,13.9428
31.33,-113.32,2026-05-22T05:31:42-07:00,2026-05-22T19:28:16-07:00,2026-05-22T12:29:59-07:00,50194,2026-05-22T05:06:00-07:00,2026-05-22T19:53:58-07:00,2026-05-22T04:33:17-07:00,2026-05-22T20:26:42-07:00,2026-05-22T03:58:30-07:00,2026-05-22T21:01:28-07:00,13.9428
31.33,-112.82,2026-05-22T05:29:42-07:00,2026-05-22T19:26:16-07:00,2026-05-22T12:27:59-07:00,50194,2026-05-22T05:04:00-07:00,2026-05-22T19:51:58-07:00,2026-05-22T04:31:17-07:00,2026-05-22T20:24:42-07:00,2026-05-22T03:56:30-07:00,2026-05-22T20:59:28-07:00,13.9428
31.33,-112.32,2026-05-22T05:27:42-07:00,2026-05-22T19:24:16-07:00,2026-05-22T12:25:59-07:00,50194,2026-05-22T05:02:00-07:00,2026-05-22T19:49:58-07:00,2026-05-22T04:29:17-07:00,2026-05-22T20:22:42-07:00,2026-05-22T03:54:30-07:00,2026-05-22T20:57:28-07:00,13.9428
31.33,-111.82,2026-05-22T05:25:42-07:00,2026-05-22T19:22:16-07:00,2026-05-22T12:23:59-07:00,50194,2026-05-22T05:00:00-07:00,2026-05-22T19:47:58-07:00,2026-05-22T04:27:17-07:00,2026-05-22T20:20:42-07:00,2026-05-22T03:52:30-07:00,2026-05-22T20:55:28-07:00,13.9428
31.33,-111.32,2026-05-22T05:23:42-07:00,2026-05-22T19:20:16-07:00,2026-05-22T12:21:59-07:00,50194,2026-05-22T04:58:00-07:00,2026-05-22T19:45:58-07:00,2026-05-22T04:25:17-07:00,2026-05-22T20:18:41-07:00,2026-05-22T03:50:30-07:00,2026-05-22T20:53:28-07:00,13.9428
31.33,-110.82,2026-05-22T05:21:42-07:00,2026-05-22T19:18:16-07:00,2026-05-22T12:19:59-07:00,50194,2026-05-22T04:56:00-07:00,2026-05-22T19:43:58-07:00,2026-05-22T04:23:17-07:00,2026-05-22T20:16:41-07:00,2026-05-22T03:48:30-07:00,2026-05-22T20:51:28-07:00,13.9428
31.33,-110.32,2026-05-22T05:19:42-07:00,2026-05-22T19:16:16-07:00,2026-05-22T12:17:59-07:00,50194,2026-05-22T04:54:00-07:00,2026-05-22T19:41:58-07:00,2026-05-22T04:21:17-07:00,2026-05-22T20:14:41-07:00,2026-05-22T03:46:30-07:00,2026-05-22T20:49:28-07:00,13.9428
31.33,-109.82,2026-05-22T05:17:42-07:00,2026-05-22T19:14:16-07:00,2026-05-22T12:15:59-07:00,50194,2026-05-22T04:52:00-07:00,2026-05-22T19:39:58-07:00,2026-05-22T04:19:17-07:00,2026-05-22T20:12:41-07:00,2026-05-22T03:44:31-07:00,2026-05-22T20:47:28-07:00,13.9428
31.33,-109.32,2026-05-22T05:15:43-07:00,2026-05-22T19:12:16-07:00,2026-05-22T12:13:59-07:00,50193,2026-05-22T04:50:01-07:00,2026-05-22T19:37:58-07:00,2026-05-22T04:17:17-07:00,2026-05-22T20:10:41-07:00,2026-05-22T03:42:31-07:00,2026-05-22T20:45:28-07:00,13.9425
31.33,-108.82,2026-05-22T05:13:43-07:00,2026-05-22T19:10:16-07:00,2026-05-22T12:11:59-07:00,50193,2026-05-22T04:48:01-07:00,2026-05-22T19:35:58-07:00,2026-05-22T04:15:17-07:00,2026-05-22T20:08:41-07:00,2026-05-22T03:40:31-07:00,2026-05-22T20:43:28-07:00,13.9425
31.83,-114.82,2026-05-22T05:36:36-07:00,2026-05-22T19:35:22-07:00,2026-05-22T12:35:59-07:00,50326,2026-05-22T05:10:43-07:00,2026-05-22T20:01:15-07:00,2026-05-22T04:37:43-07:00,2026-05-22T20:34:15-07:00,2026-05-22T04:02:35-07:00,2026-05-22T21:09:23-07:00,13.9794
31.83,-114.32,2026-05-22T05:34:36-07:00,2026-05-22T19:33:22-07:00,2026-05-22T12:33:59-07:00,50326,2026-05-22T05:08:43-07:00,2026-05-22T19:59:15-07:00,2026-05-22T04:35:43-07:00,2026-05-22T20:32:15-07:00,2026-05-22T04:00:35-07:00,2026-05-22T21:07:23-07:00,13.9794
31.83,-113.82,2026-05-22T05:32:36-07:00,2026-05-22T19:31:22-07:00,2026-05-22T12:31:59-07:00,50326,2026-05-22T05:06:43-07:00,2026-05-22T19:57:15-07:00,2026-05-22T04:33:43-07:00,2026-05-22T20:30:15-07:00,2026-05-22T03:58:35-07:00,2026-05-22T21:05:23-07:00,13.9794
31.83,-113.32,2026-05-22T05:30:36-07:00,2026-05-22T19:29:22-07:00,2026-05-22T12:29:59-07:00,50326,2026-05-22T05:04:43-07:00,2026-05-22T19:55:15-07:00,2026-05-22T04:31:44-07:00,2026-05-22T20:28:15-07:00,2026-05-22T03:56:35-07:00,2026-05-22T21:03:23-07:00,13.9794
31.83,-112.82,2026-05-22T05:28:36-07:00,2026-05-22T19:27:22-07:00,2026-05-22T12:27:59-07:00,50326,2026-05-22T05:02:44-07:00,2026-05-22T19:53:15-07:00,2026-05-22T04:29:44-07:00,2026-05-22T20:26:15-07:00,2026-05-22T03:54:35-07:00,2026-05-22T21:01:23-07:00,13.9794
31.83,-112.32,2026-05-22T05:26:37-07:00,2026-05-22T19:25:22-07:00,2026-05-22T12:25:59-07:00,50325,2026-05-22T05:00:44-07:00,2026-05-22T19:51:15-07:00,2026-05-22T04:27:44-07:00,2026-05-22T20:24:15-07:00,2026-05-22T03:52:35-07:00,2026-05-22T20:59:23-07:00,13.9792
31.83,-111.82,2026-05-22T05:24:37-07:00,2026-05-22T19:23:22-07:00,2026-05-22T12:23:59-07:00,50325,2026-05-22T04:58:44-07:00,2026-05-22T19:49:15-07:00,2026-05-22T04:25:44-07:00,2026-05-22T20:22:15-07:00,2026-05-22T03:50:35-07:00,2026-05-22T20:57:23-07:00,13.9792
31.83,-111.32,2026-05-22T05:22:37-07:00,2026-05-22T19:21:22-07:00,2026-05-22T12:21:59-07:00,50325,2026-05-22T04:56:44-07:00,2026-05-22T19:47:15-07:00,2026-05-22T04:23:44-07:00,2026-05-22T20:20:14-07:00,2026-05-22T03:48:35-07:00,2026-05-22T20:55:23-07:00,13.9792
31.83,-110.82,2026-05-22T05:20:37-07:00,2026-05-22T19:19:22-07:00,2026-05-22T12:19:59-07:00,50325,2026-05-22T04:54:44-07:00,2026-05-22T19:45:14-07:00,2026-05-22T04:21:44-07:00,2026-05-22T20:18:14-07:00,2026-05-22T03:46:35-07:00,2026-05-22T20:53:23-07:00,13.9792
31.83,-110.32,2026-05-22T05:18:37-07:00,2026-05-22T19:17:21-07:00,2026-05-22T12:17:59-07:00,50324,2026-05-22T04:52:44-07:00,2026-05-22T19:43:14-07:00,2026-05-22T04:19:44-07:00,2026-05-22T20:16:14-07:00,2026-05-22T03:44:36-07:00,2026-05-22T20:51:23-07:00,13.9789
31.83,-109.82,2026-05-22T05:16:37-07:00,2026-05-22T19:15:21-07:00,2026-05-22T12:15:59-07:00,50324,2026-05-22T04:50:44-07:00,2026-05-22T19:41:14-07:00,2026-05-22T04:17:44-07:00,2026-05-22T20:14:14-07:00,2026-05-22T03:42:36-07:00,2026-05-22T20:49:23-07:00,13.9789
31.83,-109.32,2026-05-22T05:14:37-07:00,2026-05-22T19:13:21-07:00,2026-05-22T12:13:59-07:00,50324,2026-05-22T04:48:44-07:00,2026-05-22T19:39:14-07:00,2026-05-22T04:15:44-07:00,2026-05-22T20:12:14-07:00,2026-05-22T03:40:36-07:00,2026-05-22T20:47:22-07:00,13.9789
31.83,-108.82,2026-05-22T05:12:37-07:00,2026-05-22T19:11:21-07:00,2026-05-22T12:11:59-07:00,50324,2026-05-22T04:46:44-07:00,2026-05-22T19:37:14-07:00,2026-05-22T04:13:44-07:00,2026-05-22T20:10:14-07:00,2026-05-22T03:38:36-07:00,2026-05-22T20:45:22-07:00,13.9789
32.33,-114.82,2026-05-22T05:35:30-07:00,2026-05-22T19:36:29-07:00,2026-05-22T12:35:59-07:00,50459,2026-05-22T05:09:26-07:00,2026-05-22T20:02:33-07:00,2026-05-22T04:36:09-07:00,2026-05-22T20:35:50-07:00,2026-05-22T04:00:38-07:00,2026-05-22T21:11:21-07:00,14.0164
32.33,-114.32,2026-05-22T05:33:30-07:00,2026-05-22T19:34:29-07:00,2026-05-22T12:33:59-07:00,50459,2026-05-22T05:07:26-07:00,2026-05-22T20:00:33-07:00,2026-05-22T04:34:09-07:00,2026-05-22T20:33:50-07:00,2026-05-22T03:58:38-07:00,2026-05-22T21:09:21-07:00,14.0164
32.33,-113.82,2026-05-22T05:31:30-07:00,2026-05-22T19:32:28-07:00,2026-05-22T12:31:59-07:00,50458,2026-05-22T05:05:26-07:00,2026-05-22T19:58:33-07:00,2026-05-22T04:32:09-07:00,2026-05-22T20:31:49-07:00,2026-05-22T03:56:38-07:00,2026-05-22T21:07:21-07:00,14.0161
32.33,-113.32,2026-05-22T05:29:30-07:00,2026-05-22T19:30:28-07:00,2026-05-22T12:29:59-07:00,50458,2026-05-22T05:03:26-07:00,2026-05-22T19:56:33-07:00,2026-05-22T04:30:09-07:00,2026-05-22T20:29:49-07:00,2026-05-22T03:54:38-07:00,2026-05-22T21:05:21-07:00,14.0161
32.33,-112.82,2026-05-22T05:27:30-07:00,2026-05-22T19:28:28-07:00,2026-05-22T12:27:59-07:00,50458,2026-05-22T05:01:26-07:00,2026-05-22T19:54:33-07:00,2026-05-22T04:28:09-07:00,2026-05-22T20:27:49-07:00,2026-05-22T03:52:38-07:00,2026-05-22T21:03:20-07:00,14.0161
32.33,-112.32,2026-05-22T05:25:30-07:00,2026-05-22T19:26:28-07:00,2026-05-22T12:25:59-07:00,50458,2026-05-22T04:59:26-07:00,2026-05-22T19:52:32-07:00,2026-05-22T04:26:09-07:00,2026-05-22T20:25:49-07:00,2026-05-22T03:50:38-07:00,2026-05-22T21:01:20-07:00,14.0161
32.33,-111.82,2026-05-22T05:23:30-07:00,2026-05-22T19:24:28-07:00,2026-05-22T12:23:59-07:00,50458,2026-05-22T04:57:26-07:00,2026-05-22T19:50:32-07:00,2026-05-22T04:24:09-07:00,2026-05-22T20:23:49-07:00,2026-05-22T03:48:38-07:00,2026-05-22T20:59:20-07:00,14.0161
32.33,-111.32,2026-05-22T05:21:30-07:00,2026-05-22T19:22:28-07:00,2026-05-22T12:21:59-07:00,50458,2026-05-22T04:55:26-07:00,2026-05-22T19:48:32-07:00,2026-05-22T04:22:09-07:00,2026-05-22T20:21:49-07:00,2026-05-22T03:46:38-07:00,2026-05-22T20:57:20-07:00,14.0161
32.33,-110.82,2026-05-22T05:19:30-07:00,2026-05-22T19:20:28-07:00,2026-05-22T12:19:59-07:00,50458,2026-05-22T04:53:26-07:00,2026-05-22T19:46:32-07:00,2026-05-22T04:20:09-07:00,2026-05-22T20:19:49-07:00,2026-05-22T03:44:38-07:00,2026-05-22T20:55:20-07:00,14.0161
32.33,-110.32,2026-05-22T05:17:30-07:00,2026-05-22T19:18:28-07:00,2026-05-22T12:17:59-07:00,50458,2026-05-22T04:51:26-07:00,2026-05-22T19:44:32-07:00,2026-05-22T04:18:09-07:00,2026-05-22T20:17:49-07:00,2026-05-22T03:42:38-07:00,2026-05-22T20:53:20-07:00,14.0161
32.33,-109.82,2026-05-22T05:15:30-07:00,2026-05-22T19:16:28-07:00,2026-05-22T12:15:59-07:00,50458,2026-05-22T04:49:26-07:00,2026-05-22T19:42:32-07:00,2026-05-22T04:16:09-07:00,2026-05-22T20:15:49-07:00,2026-05-22T03:40:38-07:00,2026-05-22T20:51:20-07:00,14.0161
32.33,-109.32,2026-05-22T05:13:30-07:00,2026-05-22T19:14:28-07:00,2026-05-22T12:13:59-07:00,50458,2026-05-22T04:47:26-07:00,2026-05-22T19:40:32-07:00,2026-05-22T04:14:09-07:00,2026-05-22T20:13:49-07:00,2026-05-22T03:38:38-07:00,2026-05-22T20:49:20-07:00,14.0161
32.33,-108.82,2026-05-22T05:11:30-07:00,2026-05-22T19:12:28-07:00,2026-05-22T12:11:59-07:00,50458,2026-05-22T04:45:26-07:00,2026-05-22T19:38:32-07:00,2026-05-22T04:12:09-07:00,2026-05-22T20:11:49-07:00,2026-05-22T03:36:38-07:00,2026-05-22T20:47:20-07:00,14.0161
32.83,-114.82,2026-05-22T05:34:22-07:00,2026-05-22T19:37:36-07:00,2026-05-22T12:35:59-07:00,50594,2026-05-22T05:08:07-07:00,2026-05-22T20:03:52-07:00,2026-05-22T04:34:32-07:00,2026-05-22T20:37:26-07:00,2026-05-22T03:58:37-07:00,2026-05-22T21:13:21-07:00,14.0539
32.83,-114.32,2026-05-22T05:32:22-07:00,2026-05-22T19:35:36-07:00,2026-05-22T12:33:59-07:00,50594,2026-05-22T05:06:07-07:00,2026-05-22T20:01:52-07:00,2026-05-22T04:32:32-07:00,2026-05-22T20:35:26-07:00,2026-05-22T03:56:37-07:00,2026-05-22T21:11:21-07:00,14.0539
32.83,-113.82,2026-05-22T05:30:22-07:00,2026-05-22T19:33:36-07:00,2026-05-22T12:31:59-07:00,50594,2026-05-22T05:04:07-07:00,2026-05-22T19:59:52-07:00,2026-05-22T04:30:32-07:00,2026-05-22T20:33:26-07:00,2026-05-22T03:54:38-07:00,2026-05-22T21:09:21-07:00,14.0539
32.83,-113.32,2026-05-22T05:28:22-07:00,2026-05-22T19:31:36-07:00,2026-05-22T12:29:59-07:00,50594,2026-05-22T05:02:07-07:00,2026-05-22T19:57:52-07:00,2026-05-22T04:28:32-07:00,2026-05-22T20:31:26-07:00,2026-05-22T03:52:38-07:00,2026-05-22T21:07:21-07:00,14.0539
32.83,-112.82,2026-05-22T05:26:22-07:00,2026-05-22T19:29:36-07:00,2026-05-22T12:27:59-07:00,50594,2026-05-22T05:00:07-07:00,2026-05-22T19:55:52-07:00,2026-05-22T04:26:32-07:00,2026-05-22T20:29:26-07:00,2026-05-22T03:50:38-07:00,2026-05-22T21:05:21-07:00,14.0539
32.83,-112.32,2026-05-22T05:24:23-07:00,2026-05-22T19:27:36-07:00,2026-05-22T12:25:59-07:00,50593,2026-05-22T04:58:07-07:00,2026-05-22T19:53:51-07:00,2026-05-22T04:24:32-07:00,2026-05-22T20:27:26-07:00,2026-05-22T03:48:38-07:00,2026-05-22T21:03:20-07:00,14.0536
32.83,-111.82,2026-05-22T05:22:23-07:00,2026-05-22T19:25:36-07:00,2026-05-22T12:23:59-07:00,50593,2026-05-22T04:56:07-07:00,2026-05-22T19:51:51-07:00,2026-05-22T04:22:33-07:00,2026-05-22T20:25:26-07:00,2026-05-22T03:46:38-07:00,2026-05-22T21:01:20-07:00,14.0536
32.83,-111.32,2026-05-22T05:20:23-07:00,2026-05-22T19:23:36-07:00,2026-05-22T12:21:59-07:00,50593,2026-05-22T04:54:07-07:00,2026-05-22T19:49:51-07:00,2026-05-22T04:20:33-07:00,2026-05-22T20:23:26-07:00,2026-05-22T03:44:38-07:00,2026-05-22T20:59:20-07:00,14.0536
32.83,-110.82,2026-05-22T05:18:23-07:00,2026-05-22T19:21:36-07:00,2026-05-22T12:19:59-07:00,50593,2026-05-22T04:52:07-07:00,2026-05-22T19:47:51-07:00,2026-05-22T04:18:33-07:00,2026-05-22T20:21:26-07:00,2026-05-22T03:42:38-07:00,2026-05-22T20:57:20-07:00,14.0536
32.83,-110.32,2026-05-22T05:16:23-07:00,2026-05-22T19:19:35-07:00,2026-05-22T12:17:59-07:00,50592,2026-05-22T04:50:07-07:00,2026-05-22T19:45:51-07:00,2026-05-22T04:16:33-07:00,2026-05-22T20:19:25-07:00,2026-05-22T03:40:38-07:00,2026-05-22T20:55:20-07:00,14.0533
32.83,-109.82,2026-05-22T05:14:23-07:00,2026-05-22T19:17:35-07:00,2026-05-22T12:15:59-07:00,50592,2026-05-22T04:48:07-07:00,2026-05-22T19:43:51-07:00,2026-05-22T04:14:33-07:00,2026-05-22T20:17:25-07:00,2026-05-22T03:38:38-07:00,2026-05-22T20:53:20-07:00,14.0533
32.83,-109.32,2026-05-22T05:12:23-07:00,2026-05-22T19:15:35-07:00,2026-05-22T12:13:59-07:00,50592,2026-05-22T04:46:07-07:00,2026-05-22T19:41:51-07:00,2026-05-22T04:12:33-07:00,2026-05-22T20:15:25-07:00,2026-05-22T03:36:38-07:00,2026-05-22T20:51:20-07:00,14.0533
32.83,-108.82,2026-05-22T05:10:23-07:00,2026-05-22T19:13:35-07:00,2026-05-22T12:11:59-07:00,50592,2026-05-22T04:44:07-07:00,2026-05-22T19:39:51-07:00,2026-05-22T04:10:33-07:00,2026-05-22T20:13:25-07:00,2026-05-22T03:34:38-07:00,2026-05-22T20:49:20-07:00,14.0533
33.33,-114.82,2026-05-22T05:33:14-07:00,2026-05-22T19:38:44-07:00,2026-05-22T12:35:59-07:00,50730,2026-05-22T05:06:46-07:00,2026-05-22T20:05:12-07:00,2026-05-22T04:32:54-07:00,2026-05-22T20:39:04-07:00,2026-05-22T03:56:35-07:00,2026-05-22T21:15:24-07:00,14.0917
33.33,-114.32,2026-05-22T05:31:14-07:00,2026-05-22T19:36:44-07:00,2026-05-22T12:33:59-07:00,50730,2026-05-22T05:04:46-07:00,2026-05-22T20:03:12-07:00,2026-05-22T04:30:54-07:00,2026-05-22T20:37:04-07:00,2026-05-22T03:54:35-07:00,2026-05-22T21:13:24-07:00,14.0917
33.33,-113.82,2026-05-22T05:29:14-07:00,2026-05-22T19:34:44-07:00,2026-05-22T12:31:59-07:00,50730,2026-05-22T05:02:46-07:00,2026-05-22T20:01:12-07:00,2026-05-22T04:28:54-07:00,2026-05-22T20:35:04-07:00,2026-05-22T03:52:35-07:00,2026-05-22T21:11:24-07:00,14.0917
33.33,-113.32,2026-05-22T05:27:14-07:00,2026-05-22T19:32:44-07:00,2026-05-22T12:29:59-07:00,50730,2026-05-22T05:00:46-07:00,2026-05-22T19:59:12-07:00,2026-05-22T04:26:54-07:00,2026-05-22T20:33:04-07:00,2026-05-22T03:50:35-07:00,2026-05-22T21:09:24-07:00,14.0917
33.33,-112.82,2026-05-22T05:25:14-07:00,2026-05-22T19:30:44-07:00,2026-05-22T12:27:59-07:00,50730,2026-05-22T04:58:46-07:00,2026-05-22T19:57:12-07:00,2026-05-22T04:24:54-07:00,2026-05-22T20:31:04-07:00,2026-05-22T03:48:35-07:00,2026-05-22T21:07:23-07:00,14.0917
33.33,-112.32,2026-05-22T05:23:14-07:00,2026-05-22T19:28:44-07:00,2026-05-22T12:25:59-07:00,50730,2026-05-22T04:56:47-07:00,2026-05-22T19:55:12-07:00,2026-05-22T04:22:54-07:00,2026-05-22T20:29:04-07:00,2026-05-22T03:46:35-07:00,2026-05-22T21:05:23-07:00,14.0917
33.33,-111.82,2026-05-22T05:21:14-07:00,2026-05-22T19:26:44-07:00,2026-05-22T12:23:59-07:00,50730,2026-05-22T04:54:47-07:00,2026-05-22T19:53:12-07:00,2026-05-22T04:20:54-07:00,2026-05-22T20:27:04-07:00,2026-05-22T03:44:35-07:00,2026-05-22T21:03:23-07:00,14.0917
33.33,-111.32,2026-05-22T05:19:14-07:00,2026-05-22T19:24:44-07:00,2026-05-22T12:21:59-07:00,50730,2026-05-22T04:52:47-07:00,2026-05-22T19:51:12-07:00,2026-05-22T04:18:54-07:00,2026-05-22T20:25:04-07:00,2026-05-22T03:42:35-07:00,2026-05-22T21:01:23-07:00,14.0917
33.33,-110.82,2026-05-22T05:17:14-07:00,2026-05-22T19:22:44-07:00,2026-05-22T12:19:59-07:00,50730,2026-05-22T04:50:47-07:00,2026-05-22T19:49:12-07:00,2026-05-22T04:16:54-07:00,2026-05-22T20:23:04-07:00,2026-05-22T03:40:35-07:00,2026-05-22T20:59:23-07:00,14.0917
33.33,-110.32,2026-05-22T05:15:14-07:00,2026-05-22T19:20:44-07:00,2026-05-22T12:17:59-07:00,50730,2026-05-22T04:48:47-07:00,2026-05-22T19:47:11-07:00,2026-05-22T04:14:54-07:00,2026-05-22T20:21:04-07:00,2026-05-22T03:38:35-07:00,2026-05-22T20:57:23-07:00,14.0917
33.33,-109.82,2026-05-22T05:13:14-07:00,2026-05-22T19:18:44-07:00,2026-05-22T12:15:59-07:00,50730,2026-05-22T04:46:47-07:00,2026-05-22T19:45:11-07:00,2026-05-22T04:12:54-07:00,2026-05-22T20:19:04-07:00,2026-05-22T03:36:35-07:00,2026-05-22T20:55:23-07:00,14.0917
33.33,-109.32,2026-05-22T05:11:14-07:00,2026-05-22T19:16:44-07:00,2026-05-22T12:13:59-07:00,50730,2026-05-22T04:44:47-07:00,2026-05-22T19:43:11-07:00,2026-05-22T04:10:55-07:00,2026-05-22T20:17:04-07:00,2026-05-22T03:34:35-07:00,2026-05-22T20:53:23-07:00,14.0917
33.33,-108.82,2026-05-22T05:09:14-07:00,2026-05-22T19:14:44-07:00,2026-05-22T12:11:59-07:00,50730,2026-05-22T04:42:47-07:00,2026-05-22T19:41:11-07:00,2026-05-22T04:08:55-07:00,2026-05-22T20:15:04-07:00,2026-05-22T03:32:35-07:00,2026-05-22T20:51:23-07:00,14.0917
33.83,-114.82,2026-05-22T05:32:05-07:00,2026-05-22T19:39:54-07:00,2026-05-22T12:35:59-07:00,50869,2026-05-22T05:05:25-07:00,2026-05-22T20:06:34-07:00,2026-05-22T04:31:14-07:00,2026-05-22T20:40:45-07:00,2026-05-22T03:54:29-07:00,2026-05-22T21:17:30-07:00,14.1303
33.83,-114.32,2026-05-22T05:30:05-07:00,2026-05-22T19:37:54-07:00,2026-05-22T12:33:59-07:00,50869,2026-05-22T05:03:25-07:00,2026-05-22T20:04:33-07:00,2026-05-22T04:29:14-07:00,2026-05-22T20:38:44-07:00,2026-05-22T03:52:29-07:00,2026-05-22T21:15:30-07:00,14.1303
33.83,-113.82,2026-05-22T05:28:05-07:00,2026-05-22T19:35:53-07:00,2026-05-22T12:31:59-07:00,50868,2026-05-22T05:01:25-07:00,2026-05-22T20:02:33-07:00,2026-05-22T04:27:14-07:00,2026-05-22T20:36:44-07:00,2026-05-22T03:50:29-07:00,2026-05-22T21:13:29-07:00,14.13
33.83,-113.32,2026-05-22T05:26:05-07:00,2026-05-22T19:33:53-07:00,2026-05-22T12:29:59-07:00,50868,2026-05-22T04:59:25-07:00,2026-05-22T20:00:33-07:00,2026-05-22T04:25:14-07:00,2026-05-22T20:34:44-07:00,2026-05-22T03:48:29-07:00,2026-05-22T21:11:29-07:00,14.13
33.83,-112.82,2026-05-22T05:24:05-07:00,2026-05-22T19:31:53-07:00,2026-05-22T12:27:59-07:00,50868,2026-05-22T04:57:25-07:00,2026-05-22T19:58:33-07:00,2026-05-22T04:23:14-07:00,2026-05-22T20:32:44-07:00,2026-05-22T03:46:29-07:00,2026-05-22T21:09:29-07:00,14.13
33.83,-112.32,2026-05-22T05:22:05-07:00,2026-05-22T19:29:53-07:00,2026-05-22T12:25:59-07:00,50868,2026-05-22T04:55:25-07:00,2026-05-22T19:56:33-07:00,2026-05-22T04:21:14-07:00,2026-05-22T20:30:44-07:00,2026-05-22T03:44:29-07:00,2026-05-22T21:07:29-07:00,14.13
33.83,-111.82,2026-05-22T05:20:05-07:00,2026-05-22T19:27:53-07:00,2026-05-22T12:23:59-07:00,50868,2026-05-22T04:53:25-07:00,2026-05-22T19:54:33-07:00,2026-05-22T04:19:14-07:00,2026-05-22T20:28:44-07:00,2026-05-22T03:42:29-07:00,2026-05-22T21:05:29-07:00,14.13
33.83,-111.32,2026-05-22T05:18:05-07:00,2026-05-22T19:25:53-07:00,2026-05-22T12:21:59-07:00,50868,2026-05-22T04:51:25-07:00,2026-05-22T19:52:33-07:00,2026-05-22T04:17:14-07:00,2026-05-22T20:26:44-07:00,2026-05-22T03:40:29-07:00,2026-05-22T21:03:29-07:00,14.13
33.83,-110.82,2026-05-22T05:16:05-07:00,2026-05-22T19:23:53-07:00,2026-05-22T12:19:59-07:00,50868,2026-05-22T04:49:25-07:00,2026-05-22T19:50:33-07:00,2026-05-22T04:15:14-07:00,2026-05-22T20:24:44-07:00,2026-05-22T03:38:29-07:00,2026-05-22T21:01:29-07:00,14.13
33.83,-110.32,2026-05-22T05:14:05-07:00,2026-05-22T19:21:53-07:00,2026-05-22T12:17:59-07:00,50868,2026-05-22T04:47:25-07:00,2026-05-22T19:48:33-07:00,2026-05-22T04:13:14-07:00,2026-05-22T20:22:44-07:00,2026-05-22T03:36:29-07:00,2026-05-22T20:59:29-07:00,14.13
33.83,-109.82,2026-05-22T05:12:05-07:00,2026-05-22T19:19:53-07:00,2026-05-22T12:15:59-07:00,50868,2026-05-22T04:45:25-07:00,2026-05-22T19:46:33-07:00,2026-05-22T04:11:14-07:00,2026-05-22T20:20:44-07:00,2026-05-22T03:34:29-07:00,2026-05-22T20:57:29-07:00,14.13
33.83,-109.32,2026-05-22T05:10:05-07:00,2026-05-22T19:17:53-07:00,2026-05-22T12:13:59-07:00,50868,2026-05-22T04:43:25-07:00,2026-05-22T19:44:33-07:00,2026-05-22T04:09:14-07:00,2026-05-22T20:18:44-07:00,2026-05-22T03:32:29-07:00,2026-05-22T20:55:29-07:00,14.13
33.83,-108.82,2026-05-22T05:08:05-07:00,2026-05-22T19:15:53-07:00,2026-05-22T12:11:59-07:00,50868,2026-05-22T04:41:25-07:00,2026-05-22T19:42:33-07:00,2026-05-22T04:07:14-07:00,2026-05-22T20:16:44-07:00,2026-05-22T03:30:30-07:00,2026-05-22T20:53:29-07:00,14.13
34.33,-114.82,2026-05-22T05:30:55-07:00,2026-05-22T19:41:04-07:00,2026-05-22T12:35:59-07:00,51009,2026-05-22T05:04:02-07:00,2026-05-22T20:07:56-07:00,2026-05-22T04:29:32-07:00,2026-05-22T20:42:27-07:00,2026-05-22T03:52:20-07:00,2026-05-22T21:19:38-07:00,14.1692
34.33,-114.32,2026-05-22T05:28:55-07:00,2026-05-22T19:39:04-07:00,2026-05-22T12:33:59-07:00,51009,2026-05-22T05:02:02-07:00,2026-05-22T20:05:56-07:00,2026-05-22T04:27:32-07:00,2026-05-22T20:40:27-07:00,2026-05-22T03:50:20-07:00,2026-05-22T21:17:38-07:00,14.1692
34.33,-113.82,2026-05-22T05:26:55-07:00,2026-05-22T19:37:04-07:00,2026-05-22T12:31:59-07:00,51009,2026-05-22T05:00:02-07:00,2026-05-22T20:03:56-07:00,2026-05-22T04:25:32-07:00,2026-05-22T20:38:27-07:00,2026-05-22T03:48:20-07:00,2026-05-22T21:15:38-07:00,14.1692
34.33,-113.32,2026-05-22T05:24:55-07:00,2026-05-22T19:35:04-07:00,2026-05-22T12:29:59-07:00,51009,2026-05-22T04:58:02-07:00,2026-05-22T20:01:56-07:00,2026-05-22T04:23:32-07:00,2026-05-22T20:36:26-07:00,2026-05-22T03:46:20-07:00,2026-05-22T21:13:38-07:00,14.1692
34.33,-112.82,2026-05-22T05:22:55-07:00,2026-05-22T19:33:04-07:00,2026-05-22T12:27:59-07:00,51009,2026-05-22T04:56:02-07:00,2026-05-22T19:59:56-07:00,2026-05-22T04:21:32-07:00,2026-05-22T20:34:26-07:00,2026-05-22T03:44:20-07:00,2026-05-22T21:11:38-07:00,14.1692
34.33,-112.32,2026-05-22T05:20:55-07:00,2026-05-22T19:31:03-07:00,2026-05-22T12:25:59-07:00,51008,2026-05-22T04:54:02-07:00,2026-05-22T19:57:56-07:00,2026-05-22T04:19:32-07:00,2026-05-22T20:32:26-07:00,2026-05-22T03:42:20-07:00,2026-05-22T21:09:38-07:00,14.1689
34.33,-111.82,2026-05-22T05:18:55-07:00,2026-05-22T19:29:03-07:00,2026-05-22T12:23:59-07:00,51008,2026-05-22T04:52:02-07:00,2026-05-22T19:55:56-07:00,2026-05-22T04:17:32-07:00,2026-05-22T20:30:26-07:00,2026-05-22T03:40:20-07:00,2026-05-22T21:07:38-07:00,14.1689
34.33,-111.32,2026-05-22T05:16:55-07:00,2026-05-22T19:27:03-07:00,2026-05-22T12:21:59-07:00,51008,2026-05-22T04:50:02-07:00,2026-05-22T19:53:56-07:00,2026-05-22T04:15:32-07:00,2026-05-22T20:28:26-07:00,2026-05-22T03:38:20-07:00,2026-05-22T21:05:38-07:00,14.1689
34.33,-110.82,2026-05-22T05:14:55-07:00,2026-05-22T19:25:03-07:00,2026-05-22T12:19:59-07:00,51008,2026-05-22T04:48:02-07:00,2026-05-22T19:51:56-07:00,2026-05-22T04:13:32-07:00,2026-05-22T20:26:26-07:00,2026-05-22T03:36:20-07:00,2026-05-22T21:03:38-07:00,14.1689
34.33,-110.32,2026-05-22T05:12:55-07:00,2026-05-22T19:23:03-07:00,2026-05-22T12:17:59-07:00,51008,2026-05-22T04:46:02-07:00,2026-05-22T19:49:56-07:00,2026-05-22T04:11:32-07:00,2026-05-22T20:24:26-07:00,2026-05-22T03:34:21-07:00,2026-05-22T21:01:38-07:00,14.1689
34.33,-109.82,2026-05-22T05:10:55-07:00,2026-05-22T19:21:03-07:00,2026-05-22T12:15:59-07:00,51008,2026-05-22T04:44:02-07:00,2026-05-22T19:47:56-07:00,2026-05-22T04:09:32-07:00,2026-05-22T20:22:26-07:00,2026-05-22T03:32:21-07:00,2026-05-22T20:59:38-07:00,14.1689
34.33,-109.32,2026-05-22T05:08:55-07:00,2026-05-22T19:19:03-07:00,2026-05-22T12:13:59-07:00,51008,2026-05-22T04:42:02-07:00,2026-05-22T19:45:56-07:00,2026-05-22T04:07:32-07:00,2026-05-22T20:20:26-07:00,2026-05-22T03:30:21-07:00,2026-05-22T20:57:37-07:00,14.1689
34.33,-108.82,2026-05-22T05:06:55-07:00,2026-05-22T19:17:03-07:00,2026-05-22T12:11:59-07:00,51008,2026-05-22T04:40:03-07:00,2026-05-22T19:43:56-07:00,2026-05-22T04:05:32-07:00,2026-05-22T20:18:26-07:00,2026-05-22T03:28:21-07:00,2026-05-22T20:55:37-07:00,14.1689
34.83,-114.82,2026-05-22T05:29:43-07:00,2026-05-22T19:42:15-07:00,2026-05-22T12:35:59-07:00,51152,2026-05-22T05:02:38-07:00,2026-05-22T20:09:21-07:00,2026-05-22T04:27:47-07:00,2026-05-22T20:44:11-07:00,2026-05-22T03:50:08-07:00,2026-05-22T21:21:50-07:00,14.2089
34.83,-113.82,2026-05-22T05:25:43-07:00,2026-05-22T19:38:15-07:00,2026-05-22T12:31:59-07:00,51152,2026-05-22T04:58:38-07:00,2026-05-22T20:05:20-07:00,2026-05-22T04:23:48-07:00,2026-05-22T20:40:11-07:00,2026-05-22T03:46:08-07:00,2026-05-22T21:17:50-07:00,14.2089
34.83,-113.32,2026-05-22T05:23:44-07:00,2026-05-22T19:36:15-07:00,2026-05-22T12:29:59-07:00,51151,2026-05-22T04:56:38-07:00,2026-05-22T20:03:20-07:00,2026-05-22T04:21:48-07:00,2026-05-22T20:38:11-07:00,2026-05-22T03:44:08-07:00,2026-05-22T21:15:50-07:00,14.2086
34.83,-112.82,2026-05-22T05:21:44-07:00,2026-05-22T19:34:15-07:00,2026-05-22T12:27:59-07:00,51151,2026-05-22T04:54:38-07:00,2026-05-22T20:01:20-07:00,2026-05-22T04:19:48-07:00,2026-05-22T20:36:11-07:00,2026-05-22T03:42:08-07:00,2026-05-22T21:13:50-07:00,14.2086
34.83,-112.32,2026-05-22T05:19:44-07:00,2026-05-22T19:32:15-07:00,2026-05-22T12:25:59-07:00,51151,2026-05-22T04:52:38-07:00,2026-05-22T19:59:20-07:00,2026-05-22T04:17:48-07:00,2026-05-22T20:34:11-07:00,2026-05-22T03:40:08-07:00,2026-05-22T21:11:50-07:00,14.2086
34.83,-111.82,2026-05-22T05:17:44-07:00,2026-05-22T19:30:15-07:00,2026-05-22T12:23:59-07:00,51151,2026-05-22T04:50:38-07:00,2026-05-22T19:57:20-07:00,2026-05-22T04:15:48-07:00,2026-05-22T20:32:10-07:00,2026-05-22T03:38:08-07:00,2026-05-22T21:09:50-07:00,14.2086
34.83,-111.32,2026-05-22T05:15:44-07:00,2026-05-22T19:28:14-07:00,2026-05-22T12:21:59-07:00,51150,2026-05-22T04:48:38-07:00,2026-05-22T19:55:20-07:00,2026-05-22T04:13:48-07:00,2026-05-22T20:30:10-07:00,2026-05-22T03:36:08-07:00,2026-05-22T21:07:50-07:00,14.2083
34.83,-110.82,2026-05-22T05:13:44-07:00,2026-05-22T19:26:14-07:00,2026-05-22T12:19:59-07:00,51150,2026-05-22T04:46:38-07:00,2026-05-22T19:53:20-07:00,2026-05-22T04:11:48-07:00,2026-05-22T20:28:10-07:00,2026-05-22T03:34:08-07:00,2026-05-22T21:05:50-07:00,14.2083
34.83,-110.32,2026-05-22T05:11:44-07:00,2026-05-22T19:24:14-07:00,2026-05-22T12:17:59-07:00,51150,2026-05-22T04:44:38-07:00,2026-05-22T19:51:20-07:00,2026-05-22T04:09:48-07:00,2026-05-22T20:26:10-07:00,2026-05-22T03:32:08-07:00,2026-05-22T21:03:50-07:00,14.2083
34.83,-109.82,2026-05-22T05:09:44-07:00,2026-05-22T19:22:14-07:00,2026-05-22T12:15:59-07:00,51150,2026-05-22T04:42:38-07:00,2026-05-22T19:49:20-07:00,2026-05-22T04:07:48-07:00,2026-05-22T20:24:10-07:00,2026-05-22T03:30:09-07:00,2026-05-22T21:01:50-07:00,14.2083
35.33,-114.82,2026-05-22T05:28:31-07:00,2026-05-22T19:43:27-07:00,2026-05-22T12:35:59-07:00,51296,2026-05-22T05:01:12-07:00,2026-05-22T20:10:46-07:00,2026-05-22T04:26:01-07:00,2026-05-22T20:45:57-07:00,2026-05-22T03:47:52-07:00,2026-05-22T21:24:06-07:00,14.2489
35.33,-114.32,2026-05-22T05:26:31-07:00,2026-05-22T19:41:27-07:00,2026-05-22T12:33:59-07:00,51296,2026-05-22T04:59:12-07:00,2026-05-22T20:08:46-07:00,2026-05-22T04:24:01-07:00,2026-05-22T20:43:57-07:00,2026-05-22T03:45:53-07:00,2026-05-22T21:22:06-07:00,14.2489
35.33,-113.82,2026-05-22T05:24:31-07:00,2026-05-22T19:39:27-07:00,2026-05-22T12:31:59-07:00,51296,2026-05-22T04:57:12-07:00,2026-05-22T20:06:46-07:00,2026-05-22T04:22:01-07:00,2026-05-22T20:41:57-07:00,2026-05-22T03:43:53-07:00,2026-05-22T21:20:06-07:00,14.2489
35.33,-113.32,2026-05-22T05:22:31-07:00,2026-05-22T19:37:27-07:00,2026-05-22T12:29:59-07:00,51296,2026-05-22T04:55:12-07:00,2026-05-22T20:04:46-07:00,2026-05-22T04:20:01-07:00,2026-05-22T20:39:57-07:00,2026-05-22T03:41:53-07:00,2026-05-22T21:18:06-07:00,14.2489
35.33,-112.82,2026-05-22T05:20:31-07:00,2026-05-22T19:35:27-07:00,2026-05-22T12:27:59-07:00,51296,2026-05-22T04:53:12-07:00,2026-05-22T20:02:46-07:00,2026-05-22T04:18:01-07:00,2026-05-22T20:37:57-07:00,2026-05-22T03:39:53-07:00,2026-05-22T21:16:05-07:00,14.2489
35.33,-112.32,2026-05-22T05:18:31-07:00,2026-05-22T19:33:27-07:00,2026-05-22T12:25:59-07:00,51296,2026-05-22T04:51:12-07:00,2026-05-22T20:00:46-07:00,2026-05-22T04:16:01-07:00,2026-05-22T20:35:57-07:00,2026-05-22T03:37:53-07:00,2026-05-22T21:14:05-07:00,14.2489
35.33,-111.32,2026-05-22T05:14:32-07:00,2026-05-22T19:29:27-07:00,2026-05-22T12:21:59-07:00,51295,2026-05-22T04:47:12-07:00,2026-05-22T19:56:46-07:00,2026-05-22T04:12:02-07:00,2026-05-22T20:31:57-07:00,2026-05-22T03:33:53-07:00,2026-05-22T21:10:05-07:00,14.2486
35.33,-110.82,2026-05-22T05:12:32-07:00,2026-05-22T19:27:27-07:00,2026-05-22T12:19:59-07:00,51295,2026-05-22T04:45:12-07:00,2026-05-22T19:54:46-07:00,2026-05-22T04:10:02-07:00,2026-05-22T20:29:57-07:00,2026-05-22T03:31:53-07:00,2026-05-22T21:08:05-07:00,14.2486
35.33,-110.32,2026-05-22T05:10:32-07:00,2026-05-22T19:25:27-07:00,2026-05-22T12:17:59-07:00,51295,2026-05-22T04:43:13-07:00,2026-05-22T19:52:46-07:00,2026-05-22T04:08:02-07:00,2026-05-22T20:27:56-07:00,2026-05-22T03:29:53-07:00,2026-05-22T21:06:05-07:00,14.2486
35.33,-109.82,2026-05-22T05:08:32-07:00,2026-05-22T19:23:26-07:00,2026-05-22T12:15:59-07:00,51294,2026-05-22T04:41:13-07:00,2026-05-22T19:50:46-07:00,2026-05-22T04:06:02-07:00,2026-05-22T20:25:56-07:00,2026-05-22T03:27:53-07:00,2026-05-22T21:04:05-07:00,14.2483
35.33,-109.32,2026-05-22T05:06:32-07:00,2026-05-22T19:21:26-07:00,2026-05-22T12:13:59-07:00,51294,2026-05-22T04:39:13-07:00,2026-05-22T19:48:45-07:00,2026-05-22T04:04:02-07:00,2026-05-22T20:23:56-07:00,2026-05-22T03:25:53-07:00,2026-05-22T21:02:05-07:00,14.2483
35.33,-108.82,2026-05-22T05:04:32-07:00,2026-05-22T19:19:26-07:00,2026-05-22T12:11:59-07:00,51294,2026-05-22T04:37:13-07:00,2026-05-22T19:46:45-07:00,2026-05-22T04:02:02-07:00,2026-05-22T20:21:56-07:00,2026-05-22T03:23:53-07:00,2026-05-22T21:00:05-07:00,14.2483
35.83,-114.82,2026-05-22T05:27:18-07:00,2026-05-22T19:44:40-07:00,2026-05-22T12:35:59-07:00,51442,2026-05-22T04:59:45-07:00,2026-05-22T20:12:13-07:00,2026-05-22T04:24:13-07:00,2026-05-22T20:47:46-07:00,2026-05-22T03:45:34-07:00,2026-05-22T21:26:25-07:00,14.2894
35.83,-114.32,2026-05-22T05:25:18-07:00,2026-05-22T19:42:40-07:00,2026-05-22T12:33:59-07:00,51442,2026-05-22T04:57:45-07:00,2026-05-22T20:10:13-07:00,2026-05-22T04:22:13-07:00,2026-05-22T20:45:46-07:00,2026-05-22T03:43:34-07:00,2026-05-22T21:24:25-07:00,14.2894
35.83,-113.82,2026-05-22T05:23:18-07:00,2026-05-22T19:40:40-07:00,2026-05-22T12:31:59-07:00,51442,2026-05-22T04:55:45-07:00,2026-05-22T20:08:13-07:00,2026-05-22T04:20:13-07:00,2026-05-22T20:43:46-07:00,2026-05-22T03:41:34-07:00,2026-05-22T21:22:24-07:00,14.2894
35.83,-112.82,2026-05-22T05:19:18-07:00,2026-05-22T19:36:40-07:00,2026-05-22T12:27:59-07:00,51442,2026-05-22T04:51:45-07:00,2026-05-22T20:04:13-07:00,2026-05-22T04:16:13-07:00,2026-05-22T20:39:45-07:00,2026-05-22T03:37:34-07:00,2026-05-22T21:18:24-07:00,14.2894
35.83,-112.32,2026-05-22T05:17:18-07:00,2026-05-22T19:34:40-07:00,2026-05-22T12:25:59-07:00,51442,2026-05-22T04:49:45-07:00,2026-05-22T20:02:13-07:00,2026-05-22T04:14:13-07:00,2026-05-22T20:37:45-07:00,2026-05-22T03:35:34-07:00,2026-05-22T21:16:24-07:00,14.2894
35.83,-111.82,2026-05-22T05:15:18-07:00,2026-05-22T19:32:40-07:00,2026-05-22T12:23:59-07:00,51442,2026-05-22T04:47:45-07:00,2026-05-22T20:00:13-07:00,2026-05-22T04:12:13-07:00,2026-05-22T20:35:45-07:00,2026-05-22T03:33:34-07:00,2026-05-22T21:14:24-07:00,14.2894
35.83,-111.32,2026-05-22T05:13:18-07:00,2026-05-22T19:30:40-07:00,2026-05-22T12:21:59-07:00,51442,2026-05-22T04:45:45-07:00,2026-05-22T19:58:13-07:00,2026-05-22T04:10:13-07:00,2026-05-22T20:33:45-07:00,2026-05-22T03:31:34-07:00,2026-05-22T21:12:24-07:00,14.2894
35.83,-110.82,2026-05-22T05:11:18-07:00,2026-05-22T19:28:40-07:00,2026-05-22T12:19:59-07:00,51442,2026-05-22T04:43:45-07:00,2026-05-22T19:56:13-07:00,2026-05-22T04:08:13-07:00,2026-05-22T20:31:45-07:00,2026-05-22T03:29:34-07:00,2026-05-22T21:10:24-07:00,14.2894
35.83,-110.32,2026-05-22T05:09:18-07:00,2026-05-22T19:26:40-07:00,2026-05-22T12:17:59-07:00,51442,2026-05-22T04:41:45-07:00,2026-05-22T19:54:13-07:00,2026-05-22T04:06:13-07:00,2026-05-22T20:29:45-07:00,2026-05-22T03:27:34-07:00,2026-05-22T21:08:24-07:00,14.2894
35.83,-108.82,2026-05-22T05:03:19-07:00,2026-05-22T19:20:40-07:00,2026-05-22T12:11:59-07:00,51441,2026-05-22T04:35:46-07:00,2026-05-22T19:48:12-07:00,2026-05-22T04:00:13-07:00,2026-05-22T20:23:45-07:00,2026-05-22T03:21:35-07:00,2026-05-22T21:02:24-07:00,14.2892
36.33,-114.82,2026-05-22T05:26:04-07:00,2026-05-22T19:45:55-07:00,2026-05-22T12:35:59-07:00,51591,2026-05-22T04:58:16-07:00,2026-05-22T20:13:42-07:00,2026-05-22T04:22:22-07:00,2026-05-22T20:49:36-07:00,2026-05-22T03:43:11-07:00,2026-05-22T21:28:47-07:00,14.3308
36.33,-114.32,2026-05-22T05:24:04-07:00,2026-05-22T19:43:55-07:00,2026-05-22T12:33:59-07:00,51591,2026-05-22T04:56:16-07:00,2026-05-22T20:11:42-07:00,2026-05-22T04:20:22-07:00,2026-05-22T20:47:36-07:00,2026-05-22T03:41:11-07:00,2026-05-22T21:26:47-07:00,14.3308
36.33,-113.82,2026-05-22T05:22:04-07:00,2026-05-22T19:41:54-07:00,2026-05-22T12:31:59-07:00,51590,2026-05-22T04:54:17-07:00,2026-05-22T20:09:42-07:00,2026-05-22T04:18:22-07:00,2026-05-22T20:45:36-07:00,2026-05-22T03:39:11-07:00,2026-05-22T21:24:47-07:00,14.3306
36.33,-113.32,2026-05-22T05:20:04-07:00,2026-05-22T19:39:54-07:00,2026-05-22T12:29:59-07:00,51590,2026-05-22T04:52:17-07:00,2026-05-22T20:07:42-07:00,2026-05-22T04:16:22-07:00,2026-05-22T20:43:36-07:00,2026-05-22T03:37:11-07:00,2026-05-22T21:22:47-07:00,14.3306
36.33,-112.82,2026-05-22T05:18:04-07:00,2026-05-22T19:37:54-07:00,2026-05-22T12:27:59-07:00,51590,2026-05-22T04:50:17-07:00,2026-05-22T20:05:42-07:00,2026-05-22T04:14:22-07:00,2026-05-22T20:41:36-07:00,2026-05-22T03:35:11-07:00,2026-05-22T21:20:47-07:00,14.3306
36.33,-112.32,2026-05-22T05:16:04-07:00,2026-05-22T19:35:54-07:00,2026-05-22T12:25:59-07:00,51590,2026-05-22T04:48:17-07:00,2026-05-22T20:03:42-07:00,2026-05-22T04:12:22-07:00,2026-05-22T20:39:36-07:00,2026-05-22T03:33:11-07:00,2026-05-22T21:18:47-07:00,14.3306
36.33,-111.82,2026-05-22T05:14:04-07:00,2026-05-22T19:33:54-07:00,2026-05-22T12:23:59-07:00,51590,2026-05-22T04:46:17-07:00,2026-05-22T20:01:41-07:00,2026-05-22T04:10:22-07:00,2026-05-22T20:37:36-07:00,2026-05-22T03:31:12-07:00,2026-05-22T21:16:47-07:00,14.3306
36.33,-110.32,2026-05-22T05:08:04-07:00,2026-05-22T19:27:54-07:00,2026-05-22T12:17:59-07:00,51590,2026-05-22T04:40:17-07:00,2026-05-22T19:55:41-07:00,2026-05-22T04:04:22-07:00,2026-05-22T20:31:36-07:00,2026-05-22T03:25:12-07:00,2026-05-22T21:10:46-07:00,14.3306
36.33,-109.82,2026-05-22T05:06:04-07:00,2026-05-22T19:25:54-07:00,2026-05-22T12:15:59-07:00,51590,2026-05-22T04:38:17-07:00,2026-05-22T19:53:41-07:00,2026-05-22T04:02:22-07:00,2026-05-22T20:29:36-07:00,2026-05-22T03:23:12-07:00,2026-05-22T21:08:46-07:00,14.3306
36.33,-109.32,2026-05-22T05:04:04-07:00,2026-05-22T19:23:54-07:00,2026-05-22T12:13:59-07:00,51590,2026-05-22T04:36:17-07:00,2026-05-22T19:51:41-07:00,2026-05-22T04:00:23-07:00,2026-05-22T20:27:36-07:00,2026-05-22T03:21:12-07:00,2026-05-22T21:06:46-07:00,14.3306
36.33,-108.82,2026-05-22T05:02:04-07:00,2026-05-22T19:21:54-07:00,2026-05-22T12:11:59-07:00,51590,2026-05-22T04:34:17-07:00,2026-05-22T19:49:41-07:00,2026-05-22T03:58:23-07:00,2026-05-22T20:25:36-07:00,2026-05-22T03:19:12-07:00,2026-05-22T21:04:46-07:00,14.3306
36.83,-114.82,2026-05-22T05:24:48-07:00,2026-05-22T19:47:10-07:00,2026-05-22T12:35:59-07:00,51742,2026-05-22T04:56:46-07:00,2026-05-22T20:15:12-07:00,2026-05-22T04:20:29-07:00,2026-05-22T20:51:30-07:00,2026-05-22T03:40:45-07:00,2026-05-22T21:31:14-07:00,14.3728
36.83,-114.32,2026-05-22T05:22:48-07:00,2026-05-22T19:45:10-07:00,2026-05-22T12:33:59-07:00,51742,2026-05-22T04:54:46-07:00,2026-05-22T20:13:12-07:00,2026-05-22T04:18:29-07:00,2026-05-22T20:49:30-07:00,2026-05-22T03:38:45-07:00,2026-05-22T21:29:14-07:00,14.3728
36.83,-112.82,2026-05-22T05:16:48-07:00,2026-05-22T19:39:10-07:00,2026-05-22T12:27:59-07:00,51742,2026-05-22T04:48:46-07:00,2026-05-22T20:07:12-07:00,2026-05-22T04:12:29-07:00,2026-05-22T20:43:29-07:00,2026-05-22T03:32:45-07:00,2026-05-22T21:23:13-07:00,14.3728
36.83,-112.32,2026-05-22T05:14:49-07:00,2026-05-22T19:37:10-07:00,2026-05-22T12:25:59-07:00,51741,2026-05-22T04:46:47-07:00,2026-05-22T20:05:12-07:00,2026-05-22T04:10:29-07:00,2026-05-22T20:41:29-07:00,2026-05-22T03:30:45-07:00,2026-05-22T21:21:13-07:00,14.3725
36.83,-111.82,2026-05-22T05:12:49-07:00,2026-05-22T19:35:10-07:00,2026-05-22T12:23:59-07:00,51741,2026-05-22T04:44:47-07:00,2026-05-22T20:03:12-07:00,2026-05-22T04:08:29-07:00,2026-05-22T20:39:29-07:00,2026-05-22T03:28:45-07:00,2026-05-22T21:19:13-07:00,14.3725
36.83,-111.32,2026-05-22T05:10:49-07:00,2026-05-22T19:33:10-07:00,2026-05-22T12:21:59-07:00,51741,2026-05-22T04:42:47-07:00,2026-05-22T20:01:12-07:00,2026-05-22T04:06:29-07:00,2026-05-22T20:37:29-07:00,2026-05-22T03:26:45-07:00,2026-05-22T21:17:13-07:00,14.3725
36.83,-110.82,2026-05-22T05:08:49-07:00,2026-05-22T19:31:09-07:00,2026-05-22T12:19:59-07:00,51740,2026-05-22T04:40:47-07:00,2026-05-22T19:59:12-07:00,2026-05-22T04:04:29-07:00,2026-05-22T20:35:29-07:00,2026-05-22T03:24:45-07:00,2026-05-22T21:15:13-07:00,14.3722
36.83,-110.32,2026-05-22T05:06:49-07:00,2026-05-22T19:29:09-07:00,2026-05-22T12:17:59-07:00,51740,2026-05-22T04:38:47-07:00,2026-05-22T19:57:11-07:00,2026-05-22T04:02:29-07:00,2026-05-22T20:33:29-07:00,2026-05-22T03:22:45-07:00,2026-05-22T21:13:13-07:00,14.3722
36.83,-108.82,2026-05-22T05:00:49-07:00,2026-05-22T19:23:09-07:00,2026-05-22T12:11:59-07:00,51740,2026-05-22T04:32:47-07:00,2026-05-22T19:51:11-07:00,2026-05-22T03:56:29-07:00,2026-05-22T20:27:29-07:00,2026-05-22T03:16:46-07:00,2026-05-22T21:07:12-07:00,14.3722
37.33,-114.82,2026-05-22T05:23:32-07:00,2026-05-22T19:48:27-07:00,2026-05-22T12:35:59-07:00,51895,2026-05-22T04:55:14-07:00,2026-05-22T20:16:44-07:00,2026-05-22T04:18:33-07:00,2026-05-22T20:53:25-07:00,2026-05-22T03:38:14-07:00,2026-05-22T21:33:44-07:00,14.4153
37.33,-113.82,2026-05-22T05:19:32-07:00,2026-05-22T19:44:26-07:00,2026-05-22T12:31:59-07:00,51894,2026-05-22T04:51:15-07:00,2026-05-22T20:12:44-07:00,2026-05-22T04:14:33-07:00,2026-05-22T20:49:25-07:00,2026-05-22T03:34:14-07:00,2026-05-22T21:29:44-07:00,14.415
37.33,-113.32,2026-05-22T05:17:32-07:00,2026-05-22T19:42:26-07:00,2026-05-22T12:29:59-07:00,51894,2026-05-22T04:49:15-07:00,2026-05-22T20:10:44-07:00,2026-05-22T04:12:33-07:00,2026-05-22T20:47:25-07:00,2026-05-22T03:32:14-07:00,2026-05-22T21:27:44-07:00,14.415
37.33,-112.82,2026-05-22T05:15:32-07:00,2026-05-22T19:40:26-07:00,2026-05-22T12:27:59-07:00,51894,2026-05-22T04:47:15-07:00,2026-05-22T20:08:44-07:00,2026-05-22T04:10:33-07:00,2026-05-22T20:45:25-07:00,2026-05-22T03:30:15-07:00,2026-05-22T21:25:44-07:00,14.415
37.33,-112.32,2026-05-22T05:13:32-07:00,2026-05-22T19:38:26-07:00,2026-05-22T12:25:59-07:00,51894,2026-05-22T04:45:15-07:00,2026-05-22T20:06:44-07:00,2026-05-22T04:08:33-07:00,2026-05-22T20:43:25-07:00,2026-05-22T03:28:15-07:00,2026-05-22T21:23:44-07:00,14.415
37.33,-111.82,2026-05-22T05:11:32-07:00,2026-05-22T19:36:26-07:00,2026-05-22T12:23:59-07:00,51894,2026-05-22T04:43:15-07:00,2026-05-22T20:04:43-07:00,2026-05-22T04:06:33-07:00,2026-05-22T20:41:25-07:00,2026-05-22T03:26:15-07:00,2026-05-22T21:21:43-07:00,14.415
37.33,-111.32,2026-05-22T05:09:32-07:00,2026-05-22T19:34:26-07:00,2026-05-22T12:21:59-07:00,51894,2026-05-22T04:41:15-07:00,2026-05-22T20:02:43-07:00,2026-05-22T04:04:33-07:00,2026-05-22T20:39:25-07:00,2026-05-22T03:24:15-07:00,2026-05-22T21:19:43-07:00,14.415
37.33,-110.82,2026-05-22T05:07:32-07:00,2026-05-22T19:32:26-07:00,2026-05-22T12:19:59-07:00,51894,2026-05-22T04:39:15-07:00,2026-05-22T20:00:43-07:00,2026-05-22T04:02:34-07:00,2026-05-22T20:37:25-07:00,2026-05-22T03:22:15-07:00,2026-05-22T21:17:43-07:00,14.415
37.33,-110.32,2026-05-22T05:05:32-07:00,2026-05-22T19:30:26-07:00,2026-05-22T12:17:59-07:00,51894,2026-05-22T04:37:15-07:00,2026-05-22T19:58:43-07:00,2026-05-22T04:00:34-07:00,2026-05-22T20:35:25-07:00,2026-05-22T03:20:15-07:00,2026-05-22T21:15:43-07:00,14.415
37.33,-109.82,2026-05-22T05:03:32-07:00,2026-05-22T19:28:26-07:00,2026-05-22T12:15:59-07:00,51894,2026-05-22T04:35:15-07:00,2026-05-22T19:56:43-07:00,2026-05-22T03:58:34-07:00,2026-05-22T20:33:24-07:00,2026-05-22T03:18:15-07:00,2026-05-22T21:13:43-07:00,14.415
37.33,-109.32,2026-05-22T05:01:32-07:00,2026-05-22T19:26:26-07:00,2026-05-22T12:13:59-07:00,51894,2026-05-22T04:33:15-07:00,2026-05-22T19:54:43-07:00,2026-05-22T03:56:34-07:00,2026-05-22T20:31:24-07:00,2026-05-22T03:16:15-07:00,2026-05-22T21:11:43-07:00,14.415
37.33,-108.82,2026-05-22T04:59:32-07:00,2026-05-22T19:24:26-07:00,2026-05-22T12:11:59-07:00,51894,2026-05-22T04:31:15-07:00,2026-05-22T19:52:43-07:00,2026-05-22T03:54:34-07:00,2026-05-22T20:29:24-07:00,2026-05-22T03:14:15-07:00,2026-05-22T21:09:43-07:00,14.415
